sample	gene	marker_id	call_type	result	confidence	warnings
HG00367	ABCG2	rs2231142	SNP	HET	HIGH	
HG00367	CFTR	rs115545701	SNP	HOM_REF	HIGH	
HG00367	CFTR	rs1800076	SNP	HOM_REF	HIGH	
HG00367	CFTR	rs35516286	SNP	HOM_REF	HIGH	
HG00367	CFTR	rs144476686	SNP	HOM_REF	HIGH	
HG00367	CFTR	rs74571530	SNP	HOM_REF	HIGH	
HG00367	CFTR	rs121908755	SNP	HET	HIGH	
HG00367	CFTR	rs1800098	SNP	HOM_REF	HIGH	
HG00367	CFTR	rs1800100	SNP	HOM_REF	HIGH	
HG00367	CFTR	rs150157202	SNP	HOM_REF	HIGH	
HG00367	CFTR	rs1800103	SNP	HOM_REF	HIGH	
HG00367	CFTR	rs1800110	SNP	HOM_REF	HIGH	
HG00367	CFTR	rs1800111	SNP	HOM_REF	HIGH	
HG00367	CFTR	rs200321110	SNP	HOM_REF	HIGH	
HG00367	CFTR	rs202179988	SNP	HOM_REF	HIGH	
HG00367	CFTR	rs78769542	SNP	HOM_REF	HIGH	
HG00367	CFTR	rs1800120	SNP	HOM_REF	HIGH	
HG00367	CFTR	rs11971167	SNP	HOM_REF	HIGH	
HG00367	CYP2B6	ALL	STAR	*1/*1	HIGH	
HG00367	CYP2C19	ALL	STAR	*1/*1	HIGH	
HG00367	CYP2C9	ALL	STAR	*1/*1	HIGH	
HG00367	CYP2D6	ALL	STAR	*1/*1	HIGH	
HG00367	CYP3A5	ALL	STAR	*3/*3	MODERATE	Inferred homozygous from unphased data
HG00367	CYP4F2	rs3093200	SNP	HET	HIGH	
HG00367	CYP4F2	rs3952537	SNP	HOM_REF	HIGH	
HG00367	CYP4F2	rs3952537	SNP	HOM_REF	HIGH	
HG00367	CYP4F2	rs138971789	SNP	HOM_REF	HIGH	
HG00367	CYP4F2	rs142113670	SNP	HOM_REF	HIGH	
HG00367	CYP4F2	rs2108622	SNP	HET	HIGH	
HG00367	CYP4F2	rs145174239	SNP	HOM_REF	HIGH	
HG00367	CYP4F2	rs144233412	SNP	HOM_REF	HIGH	
HG00367	CYP4F2	rs3093153	SNP	HOM_REF	HIGH	
HG00367	CYP4F2	rs145875499	SNP	HOM_REF	HIGH	
HG00367	CYP4F2	rs150579280	SNP	HOM_REF	HIGH	
HG00367	CYP4F2	rs144455532	SNP	HOM_REF	HIGH	
HG00367	CYP4F2	rs201380574	SNP	HOM_REF	HIGH	
HG00367	CYP4F2	rs115517770	SNP	HOM_REF	HIGH	
HG00367	CYP4F2	rs114099324	SNP	HOM_REF	HIGH	
HG00367	CYP4F2	rs3093105	SNP	HOM_REF	HIGH	
HG00367	NAT2	ALL	STAR	*5G/*4	LOW	Unphased multiple star alleles detected
HG00367	SLCO1B1	ALL	STAR	*37/*37	MODERATE	Inferred homozygous from unphased data
HG00367	VKORC1	rs9923231	SNP	HET	HIGH	
HG01061	ABCG2	rs2231142	SNP	HOM_REF	HIGH	
HG01061	CFTR	rs115545701	SNP	HOM_REF	HIGH	
HG01061	CFTR	rs1800076	SNP	HOM_REF	HIGH	
HG01061	CFTR	rs35516286	SNP	HOM_REF	HIGH	
HG01061	CFTR	rs144476686	SNP	HOM_REF	HIGH	
HG01061	CFTR	rs74571530	SNP	HOM_REF	HIGH	
HG01061	CFTR	rs121908755	SNP	HOM_ALT	HIGH	
HG01061	CFTR	rs1800098	SNP	HOM_REF	HIGH	
HG01061	CFTR	rs1800100	SNP	HOM_REF	HIGH	
HG01061	CFTR	rs150157202	SNP	HOM_REF	HIGH	
HG01061	CFTR	rs1800103	SNP	HOM_REF	HIGH	
HG01061	CFTR	rs1800110	SNP	HOM_REF	HIGH	
HG01061	CFTR	rs1800111	SNP	HOM_REF	HIGH	
HG01061	CFTR	rs200321110	SNP	HOM_REF	HIGH	
HG01061	CFTR	rs202179988	SNP	HOM_REF	HIGH	
HG01061	CFTR	rs78769542	SNP	HOM_REF	HIGH	
HG01061	CFTR	rs1800120	SNP	HOM_REF	HIGH	
HG01061	CFTR	rs11971167	SNP	HOM_REF	HIGH	
HG01061	CYP2B6	ALL	STAR	*9/*9	MODERATE	Inferred homozygous from unphased data
HG01061	CYP2C19	ALL	STAR	*1/*1	HIGH	
HG01061	CYP2C9	ALL	STAR	*44/*26	LOW	Unphased multiple star alleles detected
HG01061	CYP2D6	ALL	STAR	*10/*101	LOW	Unphased multiple star alleles detected
HG01061	CYP3A5	ALL	STAR	*3/*3	MODERATE	Inferred homozygous from unphased data
HG01061	CYP4F2	rs3093200	SNP	HOM_REF	HIGH	
HG01061	CYP4F2	rs3952537	SNP	HOM_REF	HIGH	
HG01061	CYP4F2	rs3952537	SNP	HOM_REF	HIGH	
HG01061	CYP4F2	rs138971789	SNP	HOM_REF	HIGH	
HG01061	CYP4F2	rs142113670	SNP	HOM_REF	HIGH	
HG01061	CYP4F2	rs2108622	SNP	HET	HIGH	
HG01061	CYP4F2	rs145174239	SNP	HOM_REF	HIGH	
HG01061	CYP4F2	rs144233412	SNP	HOM_REF	HIGH	
HG01061	CYP4F2	rs3093153	SNP	HET	HIGH	
HG01061	CYP4F2	rs145875499	SNP	HOM_REF	HIGH	
HG01061	CYP4F2	rs150579280	SNP	HOM_REF	HIGH	
HG01061	CYP4F2	rs144455532	SNP	HOM_REF	HIGH	
HG01061	CYP4F2	rs201380574	SNP	HOM_REF	HIGH	
HG01061	CYP4F2	rs115517770	SNP	HOM_REF	HIGH	
HG01061	CYP4F2	rs114099324	SNP	HOM_REF	HIGH	
HG01061	CYP4F2	rs3093105	SNP	HET	HIGH	
HG01061	NAT2	ALL	STAR	*5/*16	LOW	Unphased multiple star alleles detected
HG01061	SLCO1B1	ALL	STAR	*4/*37	LOW	Unphased multiple star alleles detected
HG01061	VKORC1	rs9923231	SNP	HET	HIGH	
HG01892	ABCG2	rs2231142	SNP	HET	HIGH	
HG01892	CFTR	rs115545701	SNP	HOM_REF	HIGH	
HG01892	CFTR	rs1800076	SNP	HOM_REF	HIGH	
HG01892	CFTR	rs35516286	SNP	HOM_REF	HIGH	
HG01892	CFTR	rs144476686	SNP	HOM_REF	HIGH	
HG01892	CFTR	rs74571530	SNP	HOM_REF	HIGH	
HG01892	CFTR	rs121908755	SNP	HOM_REF	HIGH	
HG01892	CFTR	rs1800098	SNP	HOM_REF	HIGH	
HG01892	CFTR	rs1800100	SNP	HOM_REF	HIGH	
HG01892	CFTR	rs150157202	SNP	HOM_REF	HIGH	
HG01892	CFTR	rs1800103	SNP	HOM_REF	HIGH	
HG01892	CFTR	rs1800110	SNP	HOM_REF	HIGH	
HG01892	CFTR	rs1800111	SNP	HOM_REF	HIGH	
HG01892	CFTR	rs200321110	SNP	HOM_REF	HIGH	
HG01892	CFTR	rs202179988	SNP	HOM_REF	HIGH	
HG01892	CFTR	rs78769542	SNP	HOM_REF	HIGH	
HG01892	CFTR	rs1800120	SNP	HOM_REF	HIGH	
HG01892	CFTR	rs11971167	SNP	HOM_REF	HIGH	
HG01892	CYP2B6	ALL	STAR	*1/*9	MODERATE	Inferred heterozygous
HG01892	CYP2C19	ALL	STAR	*1/*1	HIGH	
HG01892	CYP2C9	ALL	STAR	*1/*1	HIGH	
HG01892	CYP2D6	ALL	STAR	*98/*58	LOW	Unphased multiple star alleles detected
HG01892	CYP3A5	ALL	STAR	*1/*1	HIGH	
HG01892	CYP4F2	rs3093200	SNP	HOM_REF	HIGH	
HG01892	CYP4F2	rs3952537	SNP	HOM_REF	HIGH	
HG01892	CYP4F2	rs3952537	SNP	HOM_REF	HIGH	
HG01892	CYP4F2	rs138971789	SNP	HOM_REF	HIGH	
HG01892	CYP4F2	rs142113670	SNP	HOM_REF	HIGH	
HG01892	CYP4F2	rs2108622	SNP	HOM_REF	HIGH	
HG01892	CYP4F2	rs145174239	SNP	HOM_REF	HIGH	
HG01892	CYP4F2	rs144233412	SNP	HOM_REF	HIGH	
HG01892	CYP4F2	rs3093153	SNP	HOM_REF	HIGH	
HG01892	CYP4F2	rs145875499	SNP	HOM_REF	HIGH	
HG01892	CYP4F2	rs150579280	SNP	HOM_REF	HIGH	
HG01892	CYP4F2	rs144455532	SNP	HOM_REF	HIGH	
HG01892	CYP4F2	rs201380574	SNP	HOM_REF	HIGH	
HG01892	CYP4F2	rs115517770	SNP	HOM_REF	HIGH	
HG01892	CYP4F2	rs114099324	SNP	HOM_REF	HIGH	
HG01892	CYP4F2	rs3093105	SNP	HOM_REF	HIGH	
HG01892	NAT2	ALL	STAR	*5/*16	LOW	Unphased multiple star alleles detected
HG01892	SLCO1B1	ALL	STAR	*15/*5	LOW	Unphased multiple star alleles detected
HG01892	VKORC1	rs9923231	SNP	HOM_REF	HIGH	
HG03069	ABCG2	rs2231142	SNP	HOM_REF	HIGH	
HG03069	CFTR	rs115545701	SNP	HOM_REF	HIGH	
HG03069	CFTR	rs1800076	SNP	HOM_REF	HIGH	
HG03069	CFTR	rs35516286	SNP	HOM_REF	HIGH	
HG03069	CFTR	rs144476686	SNP	HOM_REF	HIGH	
HG03069	CFTR	rs74571530	SNP	HOM_REF	HIGH	
HG03069	CFTR	rs121908755	SNP	HOM_REF	HIGH	
HG03069	CFTR	rs1800098	SNP	HOM_REF	HIGH	
HG03069	CFTR	rs1800100	SNP	HOM_REF	HIGH	
HG03069	CFTR	rs150157202	SNP	HOM_REF	HIGH	
HG03069	CFTR	rs1800103	SNP	HOM_REF	HIGH	
HG03069	CFTR	rs1800110	SNP	HOM_REF	HIGH	
HG03069	CFTR	rs1800111	SNP	HOM_REF	HIGH	
HG03069	CFTR	rs200321110	SNP	HOM_REF	HIGH	
HG03069	CFTR	rs202179988	SNP	HOM_REF	HIGH	
HG03069	CFTR	rs78769542	SNP	HOM_REF	HIGH	
HG03069	CFTR	rs1800120	SNP	HOM_REF	HIGH	
HG03069	CFTR	rs11971167	SNP	HOM_REF	HIGH	
HG03069	CYP2B6	ALL	STAR	*22/*22	MODERATE	Inferred homozygous from unphased data
HG03069	CYP2C19	ALL	STAR	*1/*1	HIGH	
HG03069	CYP2C9	ALL	STAR	*1/*1	HIGH	
HG03069	CYP2D6	ALL	STAR	*98/*58	LOW	Unphased multiple star alleles detected
HG03069	CYP3A5	ALL	STAR	*1/*6	MODERATE	Inferred heterozygous
HG03069	CYP4F2	rs3093200	SNP	HOM_REF	HIGH	
HG03069	CYP4F2	rs3952537	SNP	HOM_REF	HIGH	
HG03069	CYP4F2	rs3952537	SNP	HOM_REF	HIGH	
HG03069	CYP4F2	rs138971789	SNP	HOM_REF	HIGH	
HG03069	CYP4F2	rs142113670	SNP	HOM_REF	HIGH	
HG03069	CYP4F2	rs2108622	SNP	HOM_REF	HIGH	
HG03069	CYP4F2	rs145174239	SNP	HOM_REF	HIGH	
HG03069	CYP4F2	rs144233412	SNP	HOM_REF	HIGH	
HG03069	CYP4F2	rs3093153	SNP	HOM_REF	HIGH	
HG03069	CYP4F2	rs145875499	SNP	HOM_REF	HIGH	
HG03069	CYP4F2	rs150579280	SNP	HOM_REF	HIGH	
HG03069	CYP4F2	rs144455532	SNP	HOM_REF	HIGH	
HG03069	CYP4F2	rs201380574	SNP	HOM_REF	HIGH	
HG03069	CYP4F2	rs115517770	SNP	HOM_REF	HIGH	
HG03069	CYP4F2	rs114099324	SNP	HOM_REF	HIGH	
HG03069	CYP4F2	rs3093105	SNP	HOM_REF	HIGH	
HG03069	NAT2	ALL	STAR	*7/*40	LOW	Unphased multiple star alleles detected
HG03069	SLCO1B1	ALL	STAR	*37/*37	MODERATE	Inferred homozygous from unphased data
HG03069	VKORC1	rs9923231	SNP	HOM_REF	HIGH	
HG04227	ABCG2	rs2231142	SNP	HOM_REF	HIGH	
HG04227	CFTR	rs115545701	SNP	HOM_REF	HIGH	
HG04227	CFTR	rs1800076	SNP	HOM_REF	HIGH	
HG04227	CFTR	rs35516286	SNP	HOM_REF	HIGH	
HG04227	CFTR	rs144476686	SNP	HOM_REF	HIGH	
HG04227	CFTR	rs74571530	SNP	HOM_REF	HIGH	
HG04227	CFTR	rs121908755	SNP	HOM_REF	HIGH	
HG04227	CFTR	rs1800098	SNP	HOM_REF	HIGH	
HG04227	CFTR	rs1800100	SNP	HOM_REF	HIGH	
HG04227	CFTR	rs150157202	SNP	HOM_REF	HIGH	
HG04227	CFTR	rs1800103	SNP	HOM_REF	HIGH	
HG04227	CFTR	rs1800110	SNP	HOM_REF	HIGH	
HG04227	CFTR	rs1800111	SNP	HOM_REF	HIGH	
HG04227	CFTR	rs200321110	SNP	HOM_REF	HIGH	
HG04227	CFTR	rs202179988	SNP	HOM_REF	HIGH	
HG04227	CFTR	rs78769542	SNP	HOM_REF	HIGH	
HG04227	CFTR	rs1800120	SNP	HOM_REF	HIGH	
HG04227	CFTR	rs11971167	SNP	HOM_REF	HIGH	
HG04227	CYP2B6	ALL	STAR	*5/*33	LOW	Unphased multiple star alleles detected
HG04227	CYP2C19	ALL	STAR	*1/*1	HIGH	
HG04227	CYP2C9	ALL	STAR	*1/*1	HIGH	
HG04227	CYP2D6	ALL	STAR	*15/*43	LOW	Unphased multiple star alleles detected
HG04227	CYP3A5	ALL	STAR	*3/*3	MODERATE	Inferred homozygous from unphased data
HG04227	CYP4F2	rs3093200	SNP	HOM_REF	HIGH	
HG04227	CYP4F2	rs3952537	SNP	HOM_REF	HIGH	
HG04227	CYP4F2	rs3952537	SNP	HOM_REF	HIGH	
HG04227	CYP4F2	rs138971789	SNP	HOM_REF	HIGH	
HG04227	CYP4F2	rs142113670	SNP	HOM_REF	HIGH	
HG04227	CYP4F2	rs2108622	SNP	HET	HIGH	
HG04227	CYP4F2	rs145174239	SNP	HOM_REF	HIGH	
HG04227	CYP4F2	rs144233412	SNP	HOM_REF	HIGH	
HG04227	CYP4F2	rs3093153	SNP	HOM_REF	HIGH	
HG04227	CYP4F2	rs145875499	SNP	HOM_REF	HIGH	
HG04227	CYP4F2	rs150579280	SNP	HOM_REF	HIGH	
HG04227	CYP4F2	rs144455532	SNP	HOM_REF	HIGH	
HG04227	CYP4F2	rs201380574	SNP	HOM_REF	HIGH	
HG04227	CYP4F2	rs115517770	SNP	HOM_REF	HIGH	
HG04227	CYP4F2	rs114099324	SNP	HOM_REF	HIGH	
HG04227	CYP4F2	rs3093105	SNP	HOM_REF	HIGH	
HG04227	NAT2	ALL	STAR	*34/*6	LOW	Unphased multiple star alleles detected
HG04227	SLCO1B1	ALL	STAR	*20/*37	LOW	Unphased multiple star alleles detected
HG04227	VKORC1	rs9923231	SNP	HOM_REF	HIGH	
NA18939	ABCG2	rs2231142	SNP	HET	HIGH	
NA18939	CFTR	rs115545701	SNP	HOM_REF	HIGH	
NA18939	CFTR	rs1800076	SNP	HOM_REF	HIGH	
NA18939	CFTR	rs35516286	SNP	HOM_REF	HIGH	
NA18939	CFTR	rs144476686	SNP	HOM_REF	HIGH	
NA18939	CFTR	rs74571530	SNP	HOM_REF	HIGH	
NA18939	CFTR	rs121908755	SNP	HET	HIGH	
NA18939	CFTR	rs1800098	SNP	HOM_REF	HIGH	
NA18939	CFTR	rs1800100	SNP	HOM_REF	HIGH	
NA18939	CFTR	rs150157202	SNP	HOM_REF	HIGH	
NA18939	CFTR	rs1800103	SNP	HOM_REF	HIGH	
NA18939	CFTR	rs1800110	SNP	HOM_REF	HIGH	
NA18939	CFTR	rs1800111	SNP	HOM_REF	HIGH	
NA18939	CFTR	rs200321110	SNP	HOM_REF	HIGH	
NA18939	CFTR	rs202179988	SNP	HOM_REF	HIGH	
NA18939	CFTR	rs78769542	SNP	HOM_REF	HIGH	
NA18939	CFTR	rs1800120	SNP	HOM_REF	HIGH	
NA18939	CFTR	rs11971167	SNP	HOM_REF	HIGH	
NA18939	CYP2B6	ALL	STAR	*1/*1	HIGH	
NA18939	CYP2C19	ALL	STAR	*1/*1	HIGH	
NA18939	CYP2C9	ALL	STAR	*1/*1	HIGH	
NA18939	CYP2D6	ALL	STAR	*98/*10	LOW	Unphased multiple star alleles detected
NA18939	CYP3A5	ALL	STAR	*1/*1	HIGH	
NA18939	CYP4F2	rs3093200	SNP	HOM_REF	HIGH	
NA18939	CYP4F2	rs3952537	SNP	HOM_REF	HIGH	
NA18939	CYP4F2	rs3952537	SNP	HOM_REF	HIGH	
NA18939	CYP4F2	rs138971789	SNP	HOM_REF	HIGH	
NA18939	CYP4F2	rs142113670	SNP	HOM_REF	HIGH	
NA18939	CYP4F2	rs2108622	SNP	HOM_REF	HIGH	
NA18939	CYP4F2	rs145174239	SNP	HOM_REF	HIGH	
NA18939	CYP4F2	rs144233412	SNP	HOM_REF	HIGH	
NA18939	CYP4F2	rs3093153	SNP	HOM_REF	HIGH	
NA18939	CYP4F2	rs145875499	SNP	HOM_REF	HIGH	
NA18939	CYP4F2	rs150579280	SNP	HOM_REF	HIGH	
NA18939	CYP4F2	rs144455532	SNP	HOM_REF	HIGH	
NA18939	CYP4F2	rs201380574	SNP	HOM_REF	HIGH	
NA18939	CYP4F2	rs115517770	SNP	HOM_REF	HIGH	
NA18939	CYP4F2	rs114099324	SNP	HOM_REF	HIGH	
NA18939	CYP4F2	rs3093105	SNP	HOM_REF	HIGH	
NA18939	NAT2	ALL	STAR	*34/*6	LOW	Unphased multiple star alleles detected
NA18939	SLCO1B1	ALL	STAR	*1/*37	MODERATE	Inferred heterozygous
NA18939	VKORC1	rs9923231	SNP	HET	HIGH	
NA19007	ABCG2	rs2231142	SNP	HOM_REF	HIGH	
NA19007	CFTR	rs115545701	SNP	HOM_REF	HIGH	
NA19007	CFTR	rs1800076	SNP	HOM_REF	HIGH	
NA19007	CFTR	rs35516286	SNP	HOM_REF	HIGH	
NA19007	CFTR	rs144476686	SNP	HOM_REF	HIGH	
NA19007	CFTR	rs74571530	SNP	HOM_REF	HIGH	
NA19007	CFTR	rs121908755	SNP	HOM_REF	HIGH	
NA19007	CFTR	rs1800098	SNP	HOM_REF	HIGH	
NA19007	CFTR	rs1800100	SNP	HOM_REF	HIGH	
NA19007	CFTR	rs150157202	SNP	HOM_REF	HIGH	
NA19007	CFTR	rs1800103	SNP	HOM_REF	HIGH	
NA19007	CFTR	rs1800110	SNP	HOM_REF	HIGH	
NA19007	CFTR	rs1800111	SNP	HOM_REF	HIGH	
NA19007	CFTR	rs200321110	SNP	HOM_REF	HIGH	
NA19007	CFTR	rs202179988	SNP	HOM_REF	HIGH	
NA19007	CFTR	rs78769542	SNP	HOM_REF	HIGH	
NA19007	CFTR	rs1800120	SNP	HOM_REF	HIGH	
NA19007	CFTR	rs11971167	SNP	HOM_REF	HIGH	
NA19007	CYP2B6	ALL	STAR	*1/*23	MODERATE	Inferred heterozygous
NA19007	CYP2C19	ALL	STAR	*1/*1	HIGH	
NA19007	CYP2C9	ALL	STAR	*1/*1	HIGH	
NA19007	CYP2D6	ALL	STAR	*1/*1	HIGH	
NA19007	CYP3A5	ALL	STAR	*3/*3	MODERATE	Inferred homozygous from unphased data
NA19007	CYP4F2	rs3093200	SNP	HOM_REF	HIGH	
NA19007	CYP4F2	rs3952537	SNP	HOM_REF	HIGH	
NA19007	CYP4F2	rs3952537	SNP	HOM_REF	HIGH	
NA19007	CYP4F2	rs138971789	SNP	HOM_REF	HIGH	
NA19007	CYP4F2	rs142113670	SNP	HOM_REF	HIGH	
NA19007	CYP4F2	rs2108622	SNP	HET	HIGH	
NA19007	CYP4F2	rs145174239	SNP	HOM_REF	HIGH	
NA19007	CYP4F2	rs144233412	SNP	HOM_REF	HIGH	
NA19007	CYP4F2	rs3093153	SNP	HOM_REF	HIGH	
NA19007	CYP4F2	rs145875499	SNP	HOM_REF	HIGH	
NA19007	CYP4F2	rs150579280	SNP	HOM_REF	HIGH	
NA19007	CYP4F2	rs144455532	SNP	HOM_REF	HIGH	
NA19007	CYP4F2	rs201380574	SNP	HOM_REF	HIGH	
NA19007	CYP4F2	rs115517770	SNP	HOM_REF	HIGH	
NA19007	CYP4F2	rs114099324	SNP	HOM_REF	HIGH	
NA19007	CYP4F2	rs3093105	SNP	HOM_REF	HIGH	
NA19007	NAT2	ALL	STAR	*7/*40	LOW	Unphased multiple star alleles detected
NA19007	SLCO1B1	ALL	STAR	*37/*37	MODERATE	Inferred homozygous from unphased data
NA19007	VKORC1	rs9923231	SNP	HOM_ALT	HIGH	
NA20299	ABCG2	rs2231142	SNP	HET	HIGH	
NA20299	CFTR	rs115545701	SNP	HOM_REF	HIGH	
NA20299	CFTR	rs1800076	SNP	HOM_REF	HIGH	
NA20299	CFTR	rs35516286	SNP	HOM_REF	HIGH	
NA20299	CFTR	rs144476686	SNP	HOM_REF	HIGH	
NA20299	CFTR	rs74571530	SNP	HOM_REF	HIGH	
NA20299	CFTR	rs121908755	SNP	HOM_REF	HIGH	
NA20299	CFTR	rs1800098	SNP	HOM_REF	HIGH	
NA20299	CFTR	rs1800100	SNP	HOM_REF	HIGH	
NA20299	CFTR	rs150157202	SNP	HOM_REF	HIGH	
NA20299	CFTR	rs1800103	SNP	HOM_REF	HIGH	
NA20299	CFTR	rs1800110	SNP	HOM_REF	HIGH	
NA20299	CFTR	rs1800111	SNP	HOM_REF	HIGH	
NA20299	CFTR	rs200321110	SNP	HOM_REF	HIGH	
NA20299	CFTR	rs202179988	SNP	HOM_REF	HIGH	
NA20299	CFTR	rs78769542	SNP	HOM_REF	HIGH	
NA20299	CFTR	rs1800120	SNP	HOM_REF	HIGH	
NA20299	CFTR	rs11971167	SNP	HOM_REF	HIGH	
NA20299	CYP2B6	ALL	STAR	*1/*1	HIGH	
NA20299	CYP2C19	ALL	STAR	*1/*1	HIGH	
NA20299	CYP2C9	ALL	STAR	*1/*1	HIGH	
NA20299	CYP2D6	ALL	STAR	*98/*58	LOW	Unphased multiple star alleles detected
NA20299	CYP3A5	ALL	STAR	*1/*3	MODERATE	Inferred heterozygous
NA20299	CYP4F2	rs3093200	SNP	HOM_REF	HIGH	
NA20299	CYP4F2	rs3952537	SNP	HOM_REF	HIGH	
NA20299	CYP4F2	rs3952537	SNP	HOM_REF	HIGH	
NA20299	CYP4F2	rs138971789	SNP	HOM_REF	HIGH	
NA20299	CYP4F2	rs142113670	SNP	HOM_REF	HIGH	
NA20299	CYP4F2	rs2108622	SNP	HOM_REF	HIGH	
NA20299	CYP4F2	rs145174239	SNP	HOM_REF	HIGH	
NA20299	CYP4F2	rs144233412	SNP	HOM_REF	HIGH	
NA20299	CYP4F2	rs3093153	SNP	HOM_REF	HIGH	
NA20299	CYP4F2	rs145875499	SNP	HOM_REF	HIGH	
NA20299	CYP4F2	rs150579280	SNP	HOM_REF	HIGH	
NA20299	CYP4F2	rs144455532	SNP	HOM_REF	HIGH	
NA20299	CYP4F2	rs201380574	SNP	HOM_REF	HIGH	
NA20299	CYP4F2	rs115517770	SNP	HOM_REF	HIGH	
NA20299	CYP4F2	rs114099324	SNP	HOM_REF	HIGH	
NA20299	CYP4F2	rs3093105	SNP	HOM_REF	HIGH	
NA20299	NAT2	ALL	STAR	*5/*16	LOW	Unphased multiple star alleles detected
NA20299	SLCO1B1	ALL	STAR	*1/*37	MODERATE	Inferred heterozygous
NA20299	VKORC1	rs9923231	SNP	HET	HIGH	
NA21091	ABCG2	rs2231142	SNP	HOM_REF	HIGH	
NA21091	CFTR	rs115545701	SNP	HOM_REF	HIGH	
NA21091	CFTR	rs1800076	SNP	HOM_REF	HIGH	
NA21091	CFTR	rs35516286	SNP	HOM_REF	HIGH	
NA21091	CFTR	rs144476686	SNP	HOM_REF	HIGH	
NA21091	CFTR	rs74571530	SNP	HOM_REF	HIGH	
NA21091	CFTR	rs121908755	SNP	HOM_REF	HIGH	
NA21091	CFTR	rs1800098	SNP	HOM_REF	HIGH	
NA21091	CFTR	rs1800100	SNP	HOM_REF	HIGH	
NA21091	CFTR	rs150157202	SNP	HOM_REF	HIGH	
NA21091	CFTR	rs1800103	SNP	HOM_REF	HIGH	
NA21091	CFTR	rs1800110	SNP	HOM_REF	HIGH	
NA21091	CFTR	rs1800111	SNP	HOM_REF	HIGH	
NA21091	CFTR	rs200321110	SNP	HOM_REF	HIGH	
NA21091	CFTR	rs202179988	SNP	HOM_REF	HIGH	
NA21091	CFTR	rs78769542	SNP	HOM_REF	HIGH	
NA21091	CFTR	rs1800120	SNP	HOM_REF	HIGH	
NA21091	CFTR	rs11971167	SNP	HOM_REF	HIGH	
NA21091	CYP2B6	ALL	STAR	*1/*2	MODERATE	Inferred heterozygous
NA21091	CYP2C19	ALL	STAR	*1/*1	HIGH	
NA21091	CYP2C9	ALL	STAR	*1/*1	HIGH	
NA21091	CYP2D6	ALL	STAR	*6/*85	LOW	Unphased multiple star alleles detected
NA21091	CYP3A5	ALL	STAR	*3/*3	MODERATE	Inferred homozygous from unphased data
NA21091	CYP4F2	rs3093200	SNP	HOM_REF	HIGH	
NA21091	CYP4F2	rs3952537	SNP	HOM_REF	HIGH	
NA21091	CYP4F2	rs3952537	SNP	HOM_REF	HIGH	
NA21091	CYP4F2	rs138971789	SNP	HOM_REF	HIGH	
NA21091	CYP4F2	rs142113670	SNP	HOM_REF	HIGH	
NA21091	CYP4F2	rs2108622	SNP	HOM_ALT	HIGH	
NA21091	CYP4F2	rs145174239	SNP	HOM_REF	HIGH	
NA21091	CYP4F2	rs144233412	SNP	HOM_REF	HIGH	
NA21091	CYP4F2	rs3093153	SNP	HOM_REF	HIGH	
NA21091	CYP4F2	rs145875499	SNP	HOM_REF	HIGH	
NA21091	CYP4F2	rs150579280	SNP	HOM_REF	HIGH	
NA21091	CYP4F2	rs144455532	SNP	HOM_REF	HIGH	
NA21091	CYP4F2	rs201380574	SNP	HOM_REF	HIGH	
NA21091	CYP4F2	rs115517770	SNP	HOM_REF	HIGH	
NA21091	CYP4F2	rs114099324	SNP	HOM_REF	HIGH	
NA21091	CYP4F2	rs3093105	SNP	HET	HIGH	
NA21091	NAT2	ALL	STAR	*34/*6	LOW	Unphased multiple star alleles detected
NA21091	SLCO1B1	ALL	STAR	*37/*37	MODERATE	Inferred homozygous from unphased data
NA21091	VKORC1	rs9923231	SNP	HET	HIGH	
NA21120	ABCG2	rs2231142	SNP	HOM_REF	HIGH	
NA21120	CFTR	rs115545701	SNP	HOM_REF	HIGH	
NA21120	CFTR	rs1800076	SNP	HOM_REF	HIGH	
NA21120	CFTR	rs35516286	SNP	HOM_REF	HIGH	
NA21120	CFTR	rs144476686	SNP	HOM_REF	HIGH	
NA21120	CFTR	rs74571530	SNP	HOM_REF	HIGH	
NA21120	CFTR	rs121908755	SNP	HOM_REF	HIGH	
NA21120	CFTR	rs1800098	SNP	HOM_REF	HIGH	
NA21120	CFTR	rs1800100	SNP	HOM_REF	HIGH	
NA21120	CFTR	rs150157202	SNP	HOM_REF	HIGH	
NA21120	CFTR	rs1800103	SNP	HOM_REF	HIGH	
NA21120	CFTR	rs1800110	SNP	HOM_REF	HIGH	
NA21120	CFTR	rs1800111	SNP	HOM_REF	HIGH	
NA21120	CFTR	rs200321110	SNP	HOM_REF	HIGH	
NA21120	CFTR	rs202179988	SNP	HOM_REF	HIGH	
NA21120	CFTR	rs78769542	SNP	HOM_REF	HIGH	
NA21120	CFTR	rs1800120	SNP	HOM_REF	HIGH	
NA21120	CFTR	rs11971167	SNP	HOM_REF	HIGH	
NA21120	CYP2B6	ALL	STAR	*1/*9	MODERATE	Inferred heterozygous
NA21120	CYP2C19	ALL	STAR	*1/*1	HIGH	
NA21120	CYP2C9	ALL	STAR	*1/*3	MODERATE	Inferred heterozygous
NA21120	CYP2D6	ALL	STAR	*10/*101	LOW	Unphased multiple star alleles detected
NA21120	CYP3A5	ALL	STAR	*1/*3	MODERATE	Inferred heterozygous
NA21120	CYP4F2	rs3093200	SNP	HOM_REF	HIGH	
NA21120	CYP4F2	rs3952537	SNP	HOM_REF	HIGH	
NA21120	CYP4F2	rs3952537	SNP	HOM_REF	HIGH	
NA21120	CYP4F2	rs138971789	SNP	HOM_REF	HIGH	
NA21120	CYP4F2	rs142113670	SNP	HOM_REF	HIGH	
NA21120	CYP4F2	rs2108622	SNP	HOM_ALT	HIGH	
NA21120	CYP4F2	rs145174239	SNP	HOM_REF	HIGH	
NA21120	CYP4F2	rs144233412	SNP	HOM_REF	HIGH	
NA21120	CYP4F2	rs3093153	SNP	HOM_REF	HIGH	
NA21120	CYP4F2	rs145875499	SNP	HOM_REF	HIGH	
NA21120	CYP4F2	rs150579280	SNP	HOM_REF	HIGH	
NA21120	CYP4F2	rs144455532	SNP	HOM_REF	HIGH	
NA21120	CYP4F2	rs201380574	SNP	HOM_REF	HIGH	
NA21120	CYP4F2	rs115517770	SNP	HOM_REF	HIGH	
NA21120	CYP4F2	rs114099324	SNP	HOM_REF	HIGH	
NA21120	CYP4F2	rs3093105	SNP	HOM_ALT	HIGH	
NA21120	NAT2	ALL	STAR	*5/*5	MODERATE	Inferred homozygous from unphased data
NA21120	SLCO1B1	ALL	STAR	*37/*37	MODERATE	Inferred homozygous from unphased data
NA21120	VKORC1	rs9923231	SNP	HOM_REF	HIGH	
